{
          "name":"Clouds",
          "options":{
            "currentModel":"Primitives:Quad",
            "camera":{
              "zoom":0.0125,
              "ry":121.26455355577,
              "rx":-8308.7100827095
            },
            "previewType":"Sphere",
            "workspace":{
              "sx":-97.399026130279,
              "sy":202.40974425336,
              "zoom":0.30354041976438
            },
            "scenes":{
              "Sky":{
                "env":"None",
                "modelTransform":{
                  "position":[0.0,0.0,0.0],
                  "rotation":[0.0,-0.0,0.0],
                  "scale":[1.0,1.0,1.0]
                },
                "bloomEnabled":true,
                "horizonColor":[0.19555443525314,0.67553460597992,0.68652105331421],
                "skyColor":[0.13238698244095,0.29435405135155,0.69308471679688],
                "useEnvironmentProbe":true,
                "showGroundPlane":false,
                "groundColor":[0.12249690294266,0.30674839019775,0.15593168139458],
                "bloomSettings":{
                  "softThreshold":0.5,
                  "iterations":5,
                  "intensity":0.80000001192093,
                  "threshold":1.1000000238419
                }
              }
            },
            "currentScene":"Sky"
          },
          "nodes":[{
              "name":"Surface",
              "id":1,
              "class":"SurfaceNode",
              "x":2071.7349458131,
              "y":109.40810781799,
              "options":{
                "userLabel":"Main",
                "instanceCount":50.0,
                "renderQueue":"transparent",
                "blendMode":"normal",
                "shadingModel":"unlit",
                "tangentSpaceNormals":true,
                "cullFace":"none",
                "depthWrite":false
              },
              "inputs":{
                "normal":{
                  "value":[0,0,1]
                },
                "emissiveStrength":{
                  "value":0.0
                },
                "occlusion":{
                  "value":1.0
                },
                "emissionColor":{
                  "value":[0.0,0.0,0.0]
                },
                "instanceCount":{
                  "value":50.0
                },
                "metallic":{
                  "value":0.0
                },
                "diffuse":{
                  "value":[0.50707548856735,0.50707548856735,0.50707548856735]
                },
                "behind":{
                  "value":[0,0,0]
                },
                "opacityClip":{
                  "value":0.10526315867901
                },
                "offset":{
                  "value":[0,0,0]
                },
                "rough":{
                  "value":0.5
                },
                "opacity":{
                  "value":1.0
                }
              }
            },{
              "name":"Position",
              "id":2,
              "class":"PositionNode",
              "x":-420.01437377972,
              "y":261.62068660769,
              "options":{
                "userLabel":"World Position",
                "space":"world",
                "previewEnabled":true
              },
              "inputs":[]
            },{
              "name":"Normal",
              "id":3,
              "class":"NormalNode",
              "x":-8.2031905617069,
              "y":-478.33270100808,
              "options":{
                "userLabel":"WorldNormal",
                "space":"world",
                "previewEnabled":true
              },
              "inputs":[]
            },{
              "name":"Multiply",
              "id":4,
              "class":"MultiplyNode",
              "x":300.52820843033,
              "y":-543.51874260376,
              "options":{
                "userLabel":"Multiply",
                "previewEnabled":true
              },
              "inputs":{
                "arg2":{
                  "value":0
                },
                "arg1":{
                  "value":0
                }
              }
            },{
              "name":"Multiply",
              "id":5,
              "class":"MultiplyNode",
              "x":680.94542184599,
              "y":-690.874139812,
              "options":{
                "userLabel":"Multiply 1",
                "previewEnabled":true
              },
              "inputs":{
                "arg2":{
                  "value":0.10000000149012
                },
                "arg1":{
                  "value":0
                }
              }
            },{
              "name":"Instance ID",
              "id":6,
              "class":"InstanceIDNode",
              "x":-11.644747472945,
              "y":-687.55587772812,
              "options":{
                "userLabel":"Instance ID"
              },
              "inputs":[]
            },{
              "name":"Time",
              "id":7,
              "class":"TimeNode",
              "x":-131.40006883419,
              "y":-75.401790434336,
              "options":{
                "userLabel":"Time"
              },
              "inputs":{
                "alpha":{
                  "value":0.0
                }
              }
            },{
              "name":"Position",
              "id":8,
              "class":"PositionNode",
              "x":1317.4590876519,
              "y":-67.584438587551,
              "options":{
                "userLabel":"Position",
                "space":"object",
                "previewEnabled":true
              },
              "inputs":[]
            },{
              "name":"Vector 2D",
              "id":9,
              "class":"Vector2DNode",
              "x":183.00310340454,
              "y":63.337186469114,
              "options":{
                "userLabel":"Vector 2D",
                "type":"constant"
              },
              "inputs":{
                "value":{
                  "value":[0,0]
                }
              }
            },{
              "name":"Clamp 01",
              "id":10,
              "class":"Clamp01Node",
              "x":1448.6500662892,
              "y":199.92846669557,
              "options":{
                "userLabel":"Clamp 01",
                "previewEnabled":false
              },
              "inputs":{
                "arg1":{
                  "value":[0,0]
                }
              }
            },{
              "name":"Instance ID",
              "id":11,
              "class":"InstanceIDNode",
              "x":123.18197386709,
              "y":662.53810933878,
              "options":{
                "userLabel":"Instance ID 1"
              },
              "inputs":[]
            },{
              "name":"Instance Count",
              "id":12,
              "class":"InstanceCountNode",
              "x":129.62125094278,
              "y":374.52650344322,
              "options":{
                "userLabel":"Instance Count 1"
              },
              "inputs":[]
            },{
              "name":"Divide",
              "id":13,
              "class":"DivideNode",
              "x":440.41696538496,
              "y":551.89248140284,
              "options":{
                "userLabel":"Divide",
                "previewEnabled":true
              },
              "inputs":{
                "arg2":{
                  "value":0
                },
                "arg1":{
                  "value":0
                }
              }
            },{
              "name":"Number",
              "id":14,
              "class":"NumberNode",
              "x":1087.8179599754,
              "y":-303.10936266778,
              "options":{
                "userLabel":"Number 1",
                "type":"constant",
                "previewEnabled":true
              },